figure_id	domain	type	source	reference_image	n_generated_html
CNX_Chem_01_01_FuelCell	chemistry	2d	OpenStax Chemistry 2e, chapter 1	images/chemistry/2d/CNX_Chem_01_01_FuelCell.jpg	12
CNX_Chem_01_05_Archer2_img	chemistry	2d	OpenStax Chemistry 2e, chapter 1	images/chemistry/2d/CNX_Chem_01_05_Archer2_img.jpg	12
CNX_Chem_02_02_GoldFoil3	chemistry	3d	OpenStax Chemistry 2e, chapter 2	images/chemistry/3d/CNX_Chem_02_02_GoldFoil3.jpg	12
CNX_Chem_02_02_Rutherford	chemistry	3d	OpenStax Chemistry 2e, chapter 2	images/chemistry/3d/CNX_Chem_02_02_Rutherford.jpg	12
CNX_Chem_02_03_MassSpec	chemistry	3d	OpenStax Chemistry 2e, chapter 2	images/chemistry/3d/CNX_Chem_02_03_MassSpec.jpg	12
CNX_Chem_02_06_IonCharges	chemistry	2d	OpenStax Chemistry 2e, chapter 2	images/chemistry/2d/CNX_Chem_02_06_IonCharges.jpg	12
CNX_Chem_06_03_Electrnin	chemistry	3d	OpenStax Chemistry 2e, chapter 6	images/chemistry/3d/CNX_Chem_06_03_Electrnin.jpg	12
CNX_Chem_07_06_Axeq	chemistry	3d	OpenStax Chemistry 2e, chapter 7	images/chemistry/3d/CNX_Chem_07_06_Axeq.jpg	13
CNX_Chem_07_06_Dipolfield	chemistry	3d	OpenStax Chemistry 2e, chapter 7	images/chemistry/3d/CNX_Chem_07_06_Dipolfield.jpg	13
CNX_Chem_08_02_sp3Geom	chemistry	3d	OpenStax Chemistry 2e, chapter 8	images/chemistry/3d/CNX_Chem_08_02_sp3Geom.jpg	15
CNX_Chem_08_02_sp3d	chemistry	3d	OpenStax Chemistry 2e, chapter 8	images/chemistry/3d/CNX_Chem_08_02_sp3d.jpg	13
CNX_Chem_08_04_Gouy	chemistry	3d	OpenStax Chemistry 2e, chapter 8	images/chemistry/3d/CNX_Chem_08_04_Gouy.jpg	12
CNX_Chem_09_01_Manometer	chemistry	2d	OpenStax Chemistry 2e, chapter 9	images/chemistry/2d/CNX_Chem_09_01_Manometer.jpg	12
CNX_Chem_09_04_Diffusion	chemistry	2d	OpenStax Chemistry 2e, chapter 9	images/chemistry/2d/CNX_Chem_09_04_Diffusion.jpg	13
CNX_Chem_10_02_Testtubeoi_img	chemistry	3d	OpenStax Chemistry 2e, chapter 10	images/chemistry/3d/CNX_Chem_10_02_Testtubeoi_img.jpg	12
CNX_Chem_10_06_CubUntCll	chemistry	3d	OpenStax Chemistry 2e, chapter 10	images/chemistry/3d/CNX_Chem_10_06_CubUntCll.jpg	12
CNX_Chem_11_02_electrolyt	chemistry	3d	OpenStax Chemistry 2e, chapter 11	images/chemistry/3d/CNX_Chem_11_02_electrolyt.jpg	12
CNX_Chem_12_07_Enzyme	chemistry	2d	OpenStax Chemistry 2e, chapter 12	images/chemistry/2d/CNX_Chem_12_07_Enzyme.jpg	14
CNX_Chem_12_07_HetCats-230a	chemistry	3d	OpenStax Chemistry 2e, chapter 12	images/chemistry/3d/CNX_Chem_12_07_HetCats-230a.jpg	12
CNX_Chem_13_01_equilibrium	chemistry	2d	OpenStax Chemistry 2e, chapter 13	images/chemistry/2d/CNX_Chem_13_01_equilibrium.jpg	14
CNX_Chem_18_02_DownsCell	chemistry	2d	OpenStax Chemistry 2e, chapter 18	images/chemistry/2d/CNX_Chem_18_02_DownsCell.jpg	13
CNX_Chem_18_02_HallHerCell	chemistry	2d	OpenStax Chemistry 2e, chapter 18	images/chemistry/2d/CNX_Chem_18_02_HallHerCell.jpg	13
CNX_Chem_18_10_FrachMine	chemistry	2d	OpenStax Chemistry 2e, chapter 18	images/chemistry/2d/CNX_Chem_18_10_FrachMine.jpg	13
CNX_Chem_21_04_CritMass	chemistry	2d	OpenStax Chemistry 2e, chapter 21	images/chemistry/2d/CNX_Chem_21_04_CritMass.jpg	14
CNX_Chem_21_04_Fission1	chemistry	2d	OpenStax Chemistry 2e, chapter 21	images/chemistry/2d/CNX_Chem_21_04_Fission1.jpg	13
11.3	cs	2d	Introduction to Algorithms, Figure 11.3	images/cs/2d/11.3.png	12
19.2	cs	2d	Introduction to Algorithms, Figure 19.2	images/cs/2d/19.2.png	12
2.2	cs	2d	Introduction to Algorithms, Figure 2.2	images/cs/2d/2.2.png	14
24.4	cs	2d	Introduction to Algorithms, Figure 24.4	images/cs/2d/24.4.png	14
6.3	cs	2d	Introduction to Algorithms, Figure 6.3	images/cs/2d/6.3.png	14
Conv1DChannels	cs	3d	Understanding Deep Learning	images/cs/3d/Conv1DChannels.png	12
Conv2D	cs	3d	Understanding Deep Learning	images/cs/3d/Conv2D.png	12
ConvAlex	cs	3d	Understanding Deep Learning	images/cs/3d/ConvAlex.png	13
DiffusionUNet	cs	3d	Understanding Deep Learning	images/cs/3d/DiffusionUNet.png	14
GanDCGANArch	cs	3d	Understanding Deep Learning	images/cs/3d/GanDCGANArch.png	14
GanStyleGANArch	cs	3d	Understanding Deep Learning	images/cs/3d/GanStyleGANArch.png	12
GraphAdjoint	cs	2d	Understanding Deep Learning	images/cs/2d/GraphAdjoint.png	12
GraphNodeEdgeAdjacency	cs	2d	Understanding Deep Learning	images/cs/2d/GraphNodeEdgeAdjacency.png	12
LossLogisticSigmoid	cs	2d	Understanding Deep Learning	images/cs/2d/LossLogisticSigmoid.png	13
PerfSmoothness	cs	2d	Understanding Deep Learning	images/cs/2d/PerfSmoothness.png	12
ReinforceMDPLoop	cs	2d	Understanding Deep Learning	images/cs/2d/ReinforceMDPLoop.png	12
ResidualNormTypes	cs	3d	Understanding Deep Learning	images/cs/3d/ResidualNormTypes.png	12
ResidualResnet2	cs	3d	Understanding Deep Learning	images/cs/3d/ResidualResnet2.png	12
ShallowHyperplanes	cs	3d	Understanding Deep Learning	images/cs/3d/ShallowHyperplanes.png	12
ShallowNet	cs	2d	Understanding Deep Learning	images/cs/2d/ShallowNet.png	13
SupervisedOpt	cs	2d	Understanding Deep Learning	images/cs/2d/SupervisedOpt.png	12
SupervisedSurface	cs	3d	Understanding Deep Learning	images/cs/3d/SupervisedSurface.png	12
TransformerDecoder	cs	2d	Understanding Deep Learning	images/cs/2d/TransformerDecoder.png	12
TransformerSWIN	cs	3d	Understanding Deep Learning	images/cs/3d/TransformerSWIN.png	12
VAENonLinearLVM	cs	3d	Understanding Deep Learning	images/cs/3d/VAENonLinearLVM.png	12
1.1.4	math	2d	Anton, Bivens, and Davis. Calculus, 10th Edition, Figure 1.1.4	images/math/2d/1.1.4.png	12
1.1.7	math	2d	Anton, Bivens, and Davis. Calculus, 10th Edition, Figure 1.1.7	images/math/2d/1.1.7.png	12
1.6.1	math	2d	Anton, Bivens, and Davis. Calculus, 10th Edition, Figure 1.6.1	images/math/2d/1.6.1.png	12
1.6.4	math	2d	Anton, Bivens, and Davis. Calculus, 10th Edition, Figure 1.6.4	images/math/2d/1.6.4.png	12
14.1.3	math	3d	Anton, Bivens, and Davis. Calculus, 10th Edition, Figure 14.1.3	images/math/3d/14.1.3.png	12
14.2.10	math	3d	Anton, Bivens, and Davis. Calculus, 10th Edition, Figure 14.2.10	images/math/3d/14.2.10.png	12
14.2.9	math	2d	Anton, Bivens, and Davis. Calculus, 10th Edition, Figure 14.2.9	images/math/2d/14.2.9.png	17
14.3.10	math	2d	Anton, Bivens, and Davis. Calculus, 10th Edition, Figure 14.3.10	images/math/2d/14.3.10.png	14
14.3.3	math	2d	Anton, Bivens, and Davis. Calculus, 10th Edition, Figure 14.3.3	images/math/2d/14.3.3.png	13
14.4.5	math	3d	Anton, Bivens, and Davis. Calculus, 10th Edition, Figure 14.4.5	images/math/3d/14.4.5.png	12
14.6.7	math	3d	Anton, Bivens, and Davis. Calculus, 10th Edition, Figure 14.6.7	images/math/3d/14.6.7.png	12
14.7.5	math	2d	Anton, Bivens, and Davis. Calculus, 10th Edition, Figure 14.7.5	images/math/2d/14.7.5.png	12
15.2.12	math	2d	Anton, Bivens, and Davis. Calculus, 10th Edition, Figure 15.2.12	images/math/2d/15.2.12.png	12
15.2.2	math	2d	Anton, Bivens, and Davis. Calculus, 10th Edition, Figure 15.2.2	images/math/2d/15.2.2.png	12
15.2.7	math	3d	Anton, Bivens, and Davis. Calculus, 10th Edition, Figure 15.2.7	images/math/3d/15.2.7.png	12
15.4.5	math	2d	Anton, Bivens, and Davis. Calculus, 10th Edition, Figure 15.4.5	images/math/2d/15.4.5.png	12
15.6.9	math	3d	Anton, Bivens, and Davis. Calculus, 10th Edition, Figure 15.6.9	images/math/3d/15.6.9.png	12
15.8.6	math	3d	Anton, Bivens, and Davis. Calculus, 10th Edition, Figure 15.8.6	images/math/3d/15.8.6.png	12
5.2.17	math	3d	Anton, Bivens, and Davis. Calculus, 10th Edition, Figure 5.2.17	images/math/3d/5.2.17.png	14
5.2.6	math	3d	Anton, Bivens, and Davis. Calculus, 10th Edition, Figure 5.2.6	images/math/3d/5.2.6.png	12
5.2.8	math	3d	Anton, Bivens, and Davis. Calculus, 10th Edition, Figure 5.2.8	images/math/3d/5.2.8.png	12
5.2.9	math	3d	Anton, Bivens, and Davis. Calculus, 10th Edition, Figure 5.2.9	images/math/3d/5.2.9.png	13
5.3.4	math	3d	Anton, Bivens, and Davis. Calculus, 10th Edition, Figure 5.3.4	images/math/3d/5.3.4.png	12
5.7.13	math	3d	Anton, Bivens, and Davis. Calculus, 10th Edition, Figure 5.7.13	images/math/3d/5.7.13.png	12
5.8.4	math	2d	Anton, Bivens, and Davis. Calculus, 10th Edition, Figure 5.8.4	images/math/2d/5.8.4.png	12
ames_room_description	physics	2d	visionbook/3d_scene_understanding_single_view.qmd	images/physics/2d/ames_room_description.png	12
basic_motion_point	physics	3d	visionbook/2d_motion_from_3d.qmd	images/physics/3d/basic_motion_point.png	12
boats	physics	2d	visionbook/3d_scene_understanding_stereo.qmd	images/physics/2d/boats.png	12
brdf	physics	3d	visionbook/imaging.qmd	images/physics/3d/brdf.png	15
cross_ratio_description2	physics	2d	visionbook/3d_scene_understanding_single_view.qmd	images/physics/2d/cross_ratio_description2.png	12
endpoint_error	physics	2d	visionbook/motion_estimation.qmd	images/physics/2d/endpoint_error.png	12
epipolar_geometry	physics	3d	visionbook/3d_scene_understanding_stereo.qmd	images/physics/3d/epipolar_geometry.png	12
flatland_camera_linear	physics	2d	visionbook/camera_as_linsys.qmd	images/physics/2d/flatland_camera_linear.png	12
flying_bird	physics	3d	visionbook/2d_motion_from_3d.qmd	images/physics/3d/flying_bird.png	12
geometry_reconstruction_12	physics	3d	visionbook/3d_learning.qmd	images/physics/3d/geometry_reconstruction_12.png	12
homogeneousAndHeteregeneous_VS3	physics	3d	visionbook/homogeneous_coordinates.qmd	images/physics/3d/homogeneousAndHeteregeneous_VS3.png	12
homography_plane_geometry2	physics	3d	visionbook/homography.qmd	images/physics/3d/homography_plane_geometry2.png	12
no_picture_on_a_wall_aina	physics	3d	visionbook/imaging.qmd	images/physics/3d/no_picture_on_a_wall_aina.png	14
orthogonal_projection	physics	3d	visionbook/imaging.qmd	images/physics/3d/orthogonal_projection.png	12
pinhole_and_sensor	physics	3d	visionbook/imaging_geometry.qmd	images/physics/3d/pinhole_and_sensor.png	12
pinhole_geometry2	physics	3d	visionbook/imaging.qmd	images/physics/3d/pinhole_geometry2.png	12
pinhole_names2	physics	3d	visionbook/imaging.qmd	images/physics/3d/pinhole_names2.png	12
plenoptic_function	physics	2d	visionbook/nerf.qmd	images/physics/2d/plenoptic_function.png	12
reprojection_error	physics	3d	visionbook/imaging_geometry.qmd	images/physics/3d/reprojection_error.png	12
sampling_reconstruction2	physics	2d	visionbook/sampling_and_aliasing.qmd	images/physics/2d/sampling_reconstruction2.png	12
similar_triangles2	physics	3d	visionbook/imaging.qmd	images/physics/3d/similar_triangles2.png	12
snellcropped	physics	2d	visionbook/lenses.qmd	images/physics/2d/snellcropped.png	13
telescope2	physics	2d	visionbook/lenses.qmd	images/physics/2d/telescope2.png	12
translations	physics	2d	visionbook/homogeneous_coordinates.qmd	images/physics/2d/translations.png	12
yaw_pitch_roll	physics	3d	visionbook/2d_motion_from_3d.qmd	images/physics/3d/yaw_pitch_roll.png	12
